날짜,방송시간,상품코드,상품명
10.05,01:00,2253272303,구매하기
10.05,01:00,2253471337,정호진 [Jung Ho Jin] 정호진 26FW 여성 시그니처 후드 faux 레더 블루종 1종
10.05,01:00,2253471399,"정호진 [Jung Ho Jin] 정호진 26FW 여성 케이프 faux 레더 베스트 1종399,000원최대 무5월 79,800원삼성"
10.05,01:00,2253471440,"정호진 [Jung Ho Jin] 정호진 26FW 여성 faux 레더 밴딩 와이드 팬츠 1종279,000원최대 무5월 55,800원삼성"
10.05,01:00,2253471507,"정호진 [Jung Ho Jin] 정호진 26FW 여성 벨티드 하프 트렌치 1종559,000원최대 무5월 111,800원삼성"
10.05,01:00,2253272221,"정호진 [Jung Ho Jin] 정호진 26FW 여성 울100 가든 아트 자수 베스트 1종318,000원최대 무5월 63,600원삼성"
10.05,01:00,2253272220,"정호진 [Jung Ho Jin] 정호진 26FW 여성 멀티 패턴 셔링 셔츠 블라우스 1종278,000원최대 무5월 55,600원삼성"
10.05,01:00,2253272244,"정호진 [Jung Ho Jin] 정호진 26FW 여성 에센셜 밴딩 세미와이드 팬츠 1종218,000원최대 무5월 43,600원삼성"
10.05,01:50,2249206979,방송중 구매가능
10.05,01:50,2253578238,엔알랩 [추석패키지]엔알랩 NR 하이드로겔 큐어 마스크 200매
10.05,01:50,2242153791,"엔알랩 [싱글패키지]엔알랩 NR 하이드로겔 큐어 마스크 10매100,000원삼성"
10.05,02:30,2252987557,구매하기
10.05,02:30,2252808419,디아루체 26 FW FAUX 스웨이드 소가죽 버킷백 + 카드지갑 (총 2종)
10.05,02:30,2247571616,"디아루체 데일리 삭스 7종 (선물패키지)39,900원무료배송"
10.05,03:10,2252695612,방송중 구매가능
10.05,03:40,2252399735,방송중 구매가능
10.05,04:30,2252314801,구매하기
10.05,04:30,2252267471,머티리얼랩 [2종] 머티리얼랩 26FW 소프트 딥브이넥 스웻셔츠+레이스 뷔스티에
10.05,04:30,2252831953,"머티리얼랩 [Handmade/주문제작] 머티리얼랩 26FW 젬스톤 마그네틱 굿럭 목걸이189,900원무료배송"
10.05,04:30,2252939398,"머티리얼랩 26FW 컴포트 스트레이트핏 데님 팬츠99,000원무료배송"
10.05,04:30,2252754819,"머티리얼랩 26FW FAUX레더 멜로우 트렌치 자켓149,000원무료배송"
10.05,04:30,2252756885,"머티리얼랩 26FW 몰스킨 카프리 팬츠89,900원무료배송"
10.05,04:30,2252247070,"머티리얼랩 26FW 소프트 딥브이넥 스웻셔츠 단품69,900원무료배송"
10.05,04:30,2252247269,"머티리얼랩 26FW 레이어드 레이스 뷔스티에 단품59,900원무료배송"
10.05,05:20,2240890902,방송중 구매가능
10.05,05:20,2153808681,카무트 골드 카무트 효소 1박스(3gX30포)
10.05,06:15,2253594831,구매하기
10.05,06:15,2253594922,스케쳐스 [26FW] 스케쳐스 남성 고워크 아치핏 아웃도어
10.05,07:15,2253721417,방송중 구매가능
10.05,07:15,2253721487,일양약품 [2박스][일양약품] 마시는 마그네슘 원샷 32mlX30병 2박스
10.05,07:15,2253721551,"일양약품 [1박스][일양약품] 마시는 마그네슘 원샷 32mlX30병 1박스89,000원무료배송"
10.05,08:15,2253934288,구매하기
10.05,08:15,2253523942,머티리얼랩 [Handmade/주문제작] Swarovski 社 머티리얼랩 26FW 크리스털 펄 마그넷 목걸이
10.05,08:15,2253700254,"머티리얼랩 26FW 밀리언마일러 레이스 후드 집업109,000원무료배송"
10.05,08:15,2253700346,"머티리얼랩 26FW 밀리언마일러 레이스 니트 팬츠99,000원무료배송"
10.05,08:15,2252754819,"머티리얼랩 26FW FAUX레더 멜로우 트렌치 자켓149,000원무료배송"
10.05,08:15,2251997644,"머티리얼랩 26FW 여성 울캐시 하트 스트라이프 카라 니트89,900원무료배송"
10.05,08:15,2252754952,"머티리얼랩 26FW 이태리 ve·ra 스웨이드 레더 벨트99,000원무료배송"
10.05,08:15,2252939398,"머티리얼랩 26FW 컴포트 스트레이트핏 데님 팬츠99,000원무료배송"
10.05,08:15,2253564475,구매하기
10.05,08:15,2253635802,에스카다 스포츠 [ESCADA SPORT] 에스카다 스포츠 26FW 캐시블렌드 홀가 후드 니트 1종
10.05,08:15,2253612757,"에스카다 스포츠 [ESCADA SPORT] 에스카다 스포츠 26FW 벨로아 트랙팬츠249,000원삼성"
10.05,08:15,2252835466,"에스카다 스포츠 [ESCADA SPORT] 에스카다 스포츠 26FW 캐시블렌드 홀가 풀오버 니트 1종249,000원삼성"
10.05,08:15,2252834097,"에스카다 스포츠 [ESCADA SPORT] 에스카다 스포츠 26FW 메탈로고 자가드 후드 집업349,000원삼성"
10.05,10:25,2251873679,구매하기
10.05,11:35,2253963508,방송중 구매가능
10.05,11:35,2253963588,룩스몬즈 [NEW] 룩스몬즈 24K 로얄허니비 목걸이 +(방송)24K팬던트 목걸이 +리얼담수진주목걸이
10.05,11:35,2253963654,"룩스몬즈 [NEW]룩스몬즈 24K 빼를 클로버귀걸이 +(방송) 24K팬던트 목걸이+리얼담수진주목걸이799,000원최대 무24월 33,291원무료배송"
10.05,11:35,2253964143,"룩스몬즈 [NEW]룩스몬즈 24K 글램하트 골드체인팔찌  +(방송) 24K팬던트목걸이+ 리얼담수진주 목걸이1,850,000원최대 무48월 38,541원무료배송"
10.05,11:35,2253964223,"룩스몬즈 [NEW] 룩스몬즈 24K 볼륨하트 골드체인 목걸이 +(방송) 24K팬던트 목걸이+ 리얼담수진주목걸이2,680,000원최대 무48월 55,833원무료배송"
10.05,11:35,2253964338,"룩스몬즈 [NEW]룩스몬즈 24K 모던아워 소가죽팔찌+ (방송) 24K팬던트 목걸이+ 리얼담수진주목걸이289,000원최대 무10월 28,900원무료배송"
10.05,11:35,2253964825,"룩스몬즈 [NEW]룩스몬즈 24K 99.99 복두꺼비 오브제 세트 +(방송) 24K팬던트 목걸이+리얼담수진주 목걸이1,780,000원최대 무48월 37,083원무료배송"
10.05,11:35,2253965999,"룩스몬즈 [NEW]룩스몬즈 24K 로얄허니비 반지 +(방송) 24K팬던트목걸이+ 리얼담수진주목걸이499,000원최대 무5월 99,800원무료배송"
10.05,11:35,2253966081,"룩스몬즈 [NEW] 룩스몬즈 24K팬던트 클로버 목걸이399,000원최대 무5월 79,800원무료배송"
10.05,12:35,2252312923,상담신청
10.05,13:35,2234235531,상담신청
10.05,14:35,2252765447,구매하기
10.05,14:35,2252765300,에바큐브 꾸띄르 26FW 플로럴 플리츠 블라우스
10.05,14:35,2252765396,에바큐브 꾸띄르 26FW 와이드 플리츠 팬츠
10.05,14:35,2253431253,에바큐브 꾸띄르 26FW 후드 플리츠 하프코트
10.05,14:35,2253430905,에바큐브 꾸띄르 26FW 레이어볼륨 플리츠 블라우스
10.05,15:30,2246266235,구매하기
10.05,15:30,2253908650,라코스테 [단품][라코스테] FW 시그니처 실키터치 남성 드로즈 1종
10.05,15:30,2253908649,"라코스테 FW 시그니처 실키터치 남성 드로즈 7종 패키지89,000원삼성"
10.05,16:30,2253395414,방송중 구매가능
10.05,16:30,2215367467,에이스바이옴 비에날씬 프로 6박스 (BNR17 체지방 감소 다이어트 유산균)
10.05,16:30,2215367243,"에이스바이옴 비에날씬 프로 3박스 (BNR17 체지방 감소 다이어트 유산균)198,000원최대 무4월 49,500원무료배송"
10.05,16:30,2248994986,"에이스바이옴 비에날퀸 다이어트 유산균 12박스 + 1박스 추가구성699,000원최대 무18월 38,833원삼성"
10.05,17:30,2232380752,상담신청
10.05,18:30,2254008412,방송중 구매가능
10.05,18:30,2254009065,온담 카본 온열 담요 1개 구성
10.05,19:30,2250396601,구매하기
10.05,19:30,2253641838,프로쉬 올인원 그린레몬 식기세척기 세제(미니) 총 8통 (1통 50개입)
10.05,19:30,2253641587,"프로쉬 [Only 황정민쇼 구성] [프로쉬] 주방세제 세트59,900원최대 무3월 19,966원무료배송방송중 구매가능109알리미"
10.05,19:30,2252250861,방송중 구매가능
10.05,19:30,2250158887,알레보 디엣지 플러스 유리 밥용기 기본세트(6p)
10.05,19:30,2250158964,구매하기
10.05,21:45,2250652443,상담신청
10.05,22:55,2253976458,방송중 구매가능
10.05,22:55,2253976467,용평리조트 [2박 3인] 용평리조트 폴 인 러브 패키지 (식사(2회)+BIG5 이용권(2회)+BIG12 할인권)
10.05,22:55,2253976469,"용평리조트 [2박 2인] 용평리조트 폴 인 러브 패키지 (식사(2회)+BIG5 이용권(2회)+BIG12 할인권)179,000원최대 무5월 35,800원무료배송추가비용 별도/상세참조방송중 구매가능5알리미"
10.05,22:55,2253976487,"용평리조트 [1박 4인] 용평리조트 폴 인 러브 패키지 (식사+BIG5 이용권+BIG12 할인권)139,000원최대 무3월 46,333원무료배송추가비용 별도/상세참조방송중 구매가능3알리미"
10.05,22:55,2253976519,"용평리조트 [1박 3인] 용평리조트 폴 인 러브 패키지 (식사+BIG5 이용권+BIG12 할인권)119,000원최대 무3월 39,666원무료배송추가비용 별도/상세참조방송중 구매가능2알리미"
10.05,22:55,2253976540,"용평리조트 [1박 2인] 용평리조트 폴 인 러브 패키지 (식사+BIG5 이용권+BIG12 할인권)99,000원최대 무3월 33,000원무료배송추가비용 별도/상세참조방송중 구매가능6알리미"
10.05,23:55,2253966029,방송중 구매가능
10.05,23:55,2253966065,골드라벨 [NEW] 99.9 24K 순금 볼륨 럭키 클로버 귀걸이 + 24K 순금 펜던트 목걸이
10.05,23:55,2253966174,"골드라벨 [NEW] 99.9 24K 순금 볼륨 럭키 클로버 목걸이 + 24K 순금 펜던트 목걸이799,000원최대 무20월 39,950원무료배송방송중 구매가능알리미"
10.05,23:55,2253966210,"골드라벨 99.9 24K 순금 볼륨 제우스 팔찌 + 24K 순금 펜던트 목걸이2,890,000원최대 무60월 48,166원무료배송방송중 구매가능알리미"
10.05,23:55,2253966315,"골드라벨 99.9 24K 순금 복돼지 오브제 2+1 세트 + 24K 순금 펜던트 목걸이1,790,000원최대 무20월 89,500원무료배송방송중 구매가능알리미"
10.05,23:55,2253966404,"골드라벨 [NEW] 99.9 24K 순금 볼륨 오로라 목걸이 + 24K 순금 펜던트 목걸이2,490,000원최대 무60월 41,500원무료배송방송중 구매가능알리미"
10.05,23:55,2253966432,"골드라벨 [NEW] 99.9 24K 순금 볼륨 오로라 팔찌 + 24K 순금 펜던트 목걸이1,390,000원최대 무60월 23,166원무료배송방송중 구매가능1알리미"
10.05,23:55,2253966462,"골드라벨 99.9 24K 순금 볼륨 엥게지 반지449,000원최대 무3월 149,666원무료배송방송중 구매가능알리미"
10.05,23:55,2253966487,"골드라벨 99.9 24K 순금 볼륨 럭키 클로버 반지490,000원최대 무10월 49,000원무료배송방송중 구매가능알리미"
10.05,23:55,2253966591,"골드라벨 99.9 24K 순금 럭키 클로버 펜던트 목걸이399,000원최대 무3월 133,000원무료배송방송중 구매가능알리미"
10.05,23:55,2253966613,"골드라벨 99.9 24K 순금 복돼지 오브제895,000원최대 무3월 298,333원무료배송방송중 구매가능1알리미"
10.06,01:00,2250271193,구매하기
10.06,01:20,2251606867,방송중 구매가능
10.06,01:20,2228748275,유한양행 혈당유산균 당큐락 6개월
10.06,01:20,2228748287,"유한양행 혈당유산균 당큐락 3개월218,000원최대 무3월 72,666원무료배송방송중 구매가능30알리미"
10.06,02:00,2252669579,구매하기
10.06,02:00,2252669658,누캐시미어 26FW 울캐시 하이넥 셔츠베스트
10.06,02:00,2252669760,"누캐시미어 26FW 울캐시블렌드 벌룬핏 팬츠159,000원최대 무5월 31,800원무료배송"
10.06,02:00,2252677450,"누캐시미어 26FW FAUX 스웨이드 블루종 점퍼 1종179,000원최대 무5월 35,800원무료배송"
10.06,02:40,2253411674,방송중 구매가능
10.06,02:40,2240064254,FARRO 그레인온 캡슐레이션 효소 1박스(1.8g X 30포)
10.06,03:00,2251233980,방송중 구매가능
10.06,03:00,2253763186,베카 [단품] 베카 무쇠 20cm쁘띠웍+유리뚜껑
10.06,03:00,2251298207,"베카 [단품] 베카 무쇠 28cm 양수그리들209,000원무료배송"
10.06,03:00,2251299042,"베카 [단품] 베카 무쇠 24cm 프라이팬169,000원무료배송"
10.06,03:50,2250158734,구매하기
10.06,03:50,2250158887,알레보 디엣지 플러스 유리 밥용기 기본세트(6p)
10.06,04:30,2251579563,구매하기
10.06,05:20,2253152944,구매하기
10.06,05:20,2252770199,에이앤디 [AnD] 에이앤디 26FW 보머 니트 자켓 1종
10.06,06:15,2230123988,방송중 구매가능
10.06,06:15,2247623387,종근당건강 프로메가 rTG오메가3 비타민D 3개월분
10.06,06:15,2254015265,"종근당건강 산양유 단백질 퍼펙트 1통45,000원무료배송"
10.06,07:15,2254001338,구매하기
10.06,07:15,2252808419,디아루체 26 FW FAUX 스웨이드 소가죽 버킷백 + 카드지갑 (총 2종)
10.06,07:15,2253577169,"디아루체 [가격인하] 디아루체 26 FW 울 블렌딩 스트라이프 풀오버 2종 (니트+숄)69,900원최대 무3월 23,300원무료배송"
10.06,07:15,2252987557,"디아루체 26 FW 3도 멀티스트라이프 헨리넥 니트 3종79,900원최대 무3월 26,633원무료배송"
10.06,07:15,2253121715,"디아루체 [론칭가 169000원] 디아루체 26FW FAUX 스웨이드 보머 자켓99,000원최대 무3월 33,000원무료배송"
10.06,07:15,2253348550,"컬럼비아 [26FW 최신상] 컬럼비아 남성 가을점퍼 1종109,000원삼성"
10.06,07:15,2253349275,"컬럼비아 [26FW 최신상] 컬럼비아 여성 가을점퍼 1종109,000원삼성"
10.06,07:15,2253350659,"컬럼비아 [26FW 최신상] 컬럼비아 남성 모크넥 4종89,000원삼성"
10.06,07:15,2253350719,"컬럼비아 [26FW 최신상] 컬럼비아 여성 모크넥 4종89,000원삼성"
10.06,09:25,2240971318,구매하기
10.06,09:25,2253896138,이상봉 에디션 26FW 슬림 시어 하이넥 블라우스 2종
10.06,09:25,2253927560,"이상봉 에디션 26FW 넥카프 3종+니트 클러치백69,900원최대 무3월 23,300원삼성"
10.06,09:25,2242108451,"이상봉 에디션 올데이 컴포트 패딩 베스트 레드69,900원최대 무3월 23,300원무료배송"
10.06,09:25,2254007389,"이상봉 에디션 올데이 컴포트 패딩 베스트 블랙/베이지69,900원최대 무3월 23,300원무료배송"
10.06,10:25,2253733562,방송중 구매가능
10.06,10:25,2251722976,달바 [방송에서만] 달바 화이트 트러플 엑소세럼 160ml 단품
10.06,11:35,2253395414,방송중 구매가능
10.06,11:35,2215926835,에이스바이옴 비에날씬 프로 6박스 (BNR17 체지방 감소 다이어트 유산균)
10.06,11:35,2215926640,"에이스바이옴 비에날씬 프로 3박스 (BNR17 체지방 감소 다이어트 유산균)198,000원최대 무4월 49,500원무료배송"
10.06,11:35,2248994986,"에이스바이옴 비에날퀸 다이어트 유산균 12박스 + 1박스 추가구성699,000원최대 무18월 38,833원삼성"
10.06,12:25,2253924061,방송중 구매가능
10.06,12:25,2253932870,더스텐 [1+1세트]더스텐 듀얼 글라스 밀폐용기 18종 풀세트(방송에서만 밥용기4종포함)
10.06,13:15,2253622840,상담신청
10.06,14:05,2249208120,방송중 상담가능
10.06,14:55,2253969552,방송중 구매가능
10.06,14:55,2253969624,92도씨 [방송에서만8종세트] 92도씨 목 편한 양모 경추베개
10.06,15:45,2232860509,방송중 구매가능
10.06,15:45,2242964301,삼성 [무이자60개월] 삼성 비스포크 김치냉장고 3도어 313L [RQ33DB74C1AP]
10.06,16:35,2250396667,방송중 구매가능
10.06,16:35,2250397684,주영엔에스 [남궁민 모발콜라겐] 모발콜라겐 3270 3박스(28포X3박스)
10.06,16:35,2250397709,"주영엔에스 [남궁민 모발콜라겐] 모발콜라겐 3270 1박스(28포X1박스)59,000원삼성"
10.06,17:30,2241678738,구매하기
10.06,18:30,2253563136,구매하기
10.06,18:30,2253563694,26FW 아디다스 여성 퓨징 사각팬티 (4종)
10.06,18:30,2253577481,"[단품]26FW 아디다스 스퀘어넥 퓨징 브라탑 패키지 (1종)39,000원무료배송"
10.06,18:30,2253577449,"[단품]26FW 아디다스 피치기모 긴팔 브라티 (1종)49,000원무료배송"
10.06,18:30,2253559655,26FW 아디다스 피치기모 긴팔 브라티 패키지 (4종)
10.06,19:30,2244068862,방송중 구매가능
10.06,19:30,2239546851,Juver 후버 NFC
10.06,19:30,2253562066,방송중 구매가능
10.06,19:30,2254079498,브리타 [오감쇼] 브리타 막스트라 프로 퓨어 퍼포먼스 필터 6개
10.06,19:30,2254079165,브리타 [오감쇼] 브리타 글라스저그+마렐라 쿨 화이트 패키지
10.06,21:45,2251626322,구매하기
10.06,22:55,2252314801,구매하기
10.06,22:55,2252754819,머티리얼랩 26FW FAUX레더 멜로우 트렌치 자켓
10.06,22:55,2252831953,"머티리얼랩 [Handmade/주문제작] 머티리얼랩 26FW 젬스톤 마그네틱 굿럭 목걸이189,900원무료배송"
10.06,22:55,2252756885,"머티리얼랩 26FW 몰스킨 카프리 팬츠89,900원무료배송"
10.06,22:55,2249502086,구매하기
10.06,22:55,2253696075,머티리얼랩 [Handmade/주문제작] 머티리얼랩 26FW 오벌 젬스톤 실버925 소가죽 롱 목걸이
10.06,22:55,2252754952,"머티리얼랩 26FW 이태리 ve·ra 스웨이드 레더 벨트99,000원무료배송"
10.06,22:55,2252939398,"머티리얼랩 26FW 컴포트 스트레이트핏 데님 팬츠99,000원무료배송"
10.06,23:55,2253157066,상담신청
10.07,01:00,2252314801,구매하기
10.07,01:00,2253523942,머티리얼랩 [Handmade/주문제작] Swarovski 社 머티리얼랩 26FW 크리스털 펄 마그넷 목걸이
10.07,01:00,2252939398,"머티리얼랩 26FW 컴포트 스트레이트핏 데님 팬츠99,000원무료배송"
10.07,01:00,2251997644,"머티리얼랩 26FW 여성 울캐시 하트 스트라이프 카라 니트89,900원무료배송"
10.07,01:00,2252754819,"머티리얼랩 26FW FAUX레더 멜로우 트렌치 자켓149,000원무료배송"
10.07,01:00,2253523699,"머티리얼랩 26FW 남성 울캐시 스트라이프 카라 니트99,000원무료배송"
10.07,01:50,2253886037,구매하기
10.07,01:50,2253565444,누캐시미어 26FW 라쿤울블렌드 이중직 커브드 팬츠
10.07,01:50,2252669579,"누캐시미어 26FW 멜팅울100 라운드 풀오버119,000원최대 무5월 23,800원무료배송"
10.07,02:30,2253561124,방송중 구매가능
10.07,02:30,2253561539,세인트프랑 에스테틱 대용량 크림 모녀패키지
10.07,02:30,2253553308,"세인트프랑 에스테틱 대용량 크림 싱글패키지149,000원최대 무3월 49,666원무료배송방송중 구매가능5알리미"
10.07,22:55,2249502086,구매하기
10.07,22:55,2253696075,머티리얼랩 [Handmade/주문제작] 머티리얼랩 26FW 오벌 젬스톤 실버925 소가죽 롱 목걸이
10.07,22:55,2252754952,"머티리얼랩 26FW 이태리 ve·ra 스웨이드 레더 벨트99,000원무료배송"
10.07,22:55,2252939398,"머티리얼랩 26FW 컴포트 스트레이트핏 데님 팬츠99,000원무료배송"
10.07,03:50,2253471337,구매하기
10.07,03:50,2253471399,정호진 [Jung Ho Jin] 정호진 26FW 여성 케이프 faux 레더 베스트 1종
10.07,03:50,2253471440,"정호진 [Jung Ho Jin] 정호진 26FW 여성 faux 레더 밴딩 와이드 팬츠 1종279,000원최대 무5월 55,800원삼성"
10.07,03:50,2253272303,"정호진 [Jung Ho Jin] 정호진 26FW 여성 크리스탈 라인 니트 풀오버 1종238,000원최대 무5월 47,600원삼성"
10.07,04:30,2253622840,상담신청
10.07,05:20,2247033660,구매하기
10.07,05:20,2239573868,디아루체 [론칭가 69900원] 디아루체 크링클 FAUX 레더 크리즈 스커트 1종
10.07,05:20,2247868285,구매하기
10.07,06:15,2254008412,방송중 구매가능
10.07,06:15,2254009065,온담 카본 온열 담요 1개 구성
10.07,07:15,2253961697,방송중 구매가능
10.07,07:15,2253961799,브이티코스메틱 VT 리들샷 PDRN 아이리프터 크림 2.0 매니아패키지
10.07,07:15,2233208355,"브이티 [M] VT 리들샷 50+100+300+700+GIFT(PDRN겔마스크4매)119,000원삼성"
10.07,07:15,2233368305,"브이티코스메틱 [S]VT 피디알엔 리들샷 100 2스텝 하이드로겔 마스크 5매X8박스(40매)158,000원삼성"
10.07,07:15,2233368604,"브이티코스메틱 [S]VT 피디알엔 리들샷 100 2스텝 하이드로겔 마스크 5매X4박스(20매)89,000원삼성"
10.07,07:15,2236766588,"브이티코스메틱 [S]VT 피디알엔 하이드로겔 마스크 5매20,900원무료배송"
10.07,07:15,2237747993,"브이티코스메틱 [S] VT 피디알엔 리들샷 700 2개 + GIFT81,000원삼성"
10.07,07:15,2253008726,"브이티코스메틱 VT 피디알엔 리들샷 100 2스텝 하이드로겔 마스크(5매입) 3박스(총 15매)69,000원삼성"
10.07,07:15,2253008946,"브이티코스메틱 VT 피디알엔 리들샷 100 2스텝 하이드로겔 마스크(5매입) 5박스+피디알엔 리들샷 크림+GIFT99,000원삼성"
10.07,07:15,2253008990,"브이티코스메틱 VT 피디알엔 리들샷 100 2스텝 하이드로겔 마스크(5매입) 7박스+피디알엔 리들샷 에센스 +GIFT129,000원삼성"
10.07,07:15,2253009068,"브이티코스메틱 VT 피디알엔 리들샷 100 2스텝 하이드로겔 마스크(5매입) 8박스+피디알엔 리들샷 크림+GIFT142,000원삼성"
10.07,07:15,2253008552,"브이티코스메틱 VT 피디알엔 리들샷 헤어 앰플 100dL 5개149,000원삼성"
10.07,07:15,2253008666,"브이티코스메틱 VT 피디알엔 리들샷 헤어 앰플 100dL 16개+300dL 5개+700dL 3개328,000원삼성"
10.07,08:15,2253475502,구매하기
10.07,08:15,2253475637,어드림오브씨드 26FW 코튼테리 티셔츠
10.07,08:15,2253476274,"어드림오브씨드 26FW 코튼테리 팬츠109,000원최대 무5월 21,800원무료배송"
10.07,08:15,2253476398,"어드림오브씨드 26FW 내추럴 부클 자켓159,000원최대 무5월 31,800원삼성"
10.07,08:15,2253477007,"어드림오브씨드 26FW 알파카 가디건139,000원최대 무5월 27,800원무료배송"
10.07,08:15,2253476599,"어드림오브씨드 26FW 텐셀 소프트 터들넥 2종세트89,000원최대 무5월 17,800원삼성"
10.07,08:15,2253476474,"어드림오브씨드 26FW 언발 듀오 삭스49,900원무료배송"
10.07,08:15,2253893432,구매하기
10.07,08:15,2252875634,LIE317(라이) [LIE317] 라이317 26FW 데님다잉 코듀로이 팬츠(1종)
10.07,08:15,2252765969,"LIE317(라이) [LIE317] 라이317 뷔스티에 레이어드 리브 탑 (2종)89,900원최대 무3월 29,966원무료배송"
10.07,08:15,2252977893,"LIE317(라이) [LIE317] 라이317 26FW 리버서블 램스킨 시티백 + 파우치239,000원최대 무3월 79,666원무료배송"
10.07,08:15,2253120679,"LIE317(라이) [LIE317] 라이317 26FW 리버시블 햇79,000원최대 무3월 26,333원삼성"
10.07,08:15,2254016999,구매하기
10.07,08:15,2253882671,로얄메르 26FW 체크 자카드 집업 니트 점퍼
10.07,08:15,2253883595,"로얄메르 26FW 메리노울100 후디 니트129,000원최대 무5월 25,800원무료배송방송중 구매가능2알리미"
10.07,08:15,2252773753,"로얄메르 26FW 코튼100 트윌 와이드팬츠89,000원최대 무3월 29,666원무료배송"
10.07,08:15,2241432553,"로얄메르 자카드 스트라이프 양말 5종49,900원무료배송"
10.07,08:15,2253644256,"로얄메르 26FW 아노락 셋업139,000원최대 무5월 27,800원무료배송"
10.07,08:15,2253645804,"로얄메르 26FW 코튼100 래글런 티셔츠59,000원최대 무3월 19,666원무료배송"
10.07,08:15,2253149833,"로얄메르 26FW 테이퍼드 데님99,000원최대 무3월 33,000원무료배송"
10.07,10:25,2250829545,방송중 구매가능
10.07,10:25,2250829625,그란츠(GRANTS) [호주 직수입] 그란츠 치약 프로폴리스 10개+(단 한번) 쇼핑백+칫솔 1개
10.07,10:25,2250829643,"그란츠(GRANTS) [한정 100세트] [호주 직수입] 그란츠 치약 프레쉬민트 10개+(단 한번) 쇼핑백+칫솔 1개79,800원최대 무5월 15,960원무료배송방송중 구매가능33알리미"
10.07,10:25,2250829697,"그란츠(GRANTS) [호주 직수입] 그란츠 치약 마일드민트 10개+(단 한번) 쇼핑백+칫솔 1개79,800원최대 무5월 15,960원무료배송방송중 구매가능33알리미"
10.07,10:25,2250915614,"그란츠(GRANTS) [호주 직수입] 그란츠치약 1개 (프레쉬민트/마일드민트/프로폴리스)15,000원무료배송"
10.07,10:25,2250915625,"그란츠(GRANTS) [호주 직수입] 그란츠 치약 혼합구성 8종 (프레쉬민트 3개+마일드민트 3개+프로폴리스 2개)72,000원삼성"
10.07,10:25,2250915618,"그란츠(GRANTS) [호주 직수입] 그란츠치약 6개 (프레쉬민트/마일드민트/프로폴리스)54,000원삼성"
10.07,11:35,2238367756,방송중 구매가능
10.07,11:35,2238224219,알레보 브리앙 316 한수저 1인조 세트
10.07,11:35,2238169498,"알레보 올스테인리스 304 서빙스푼 볶음주걱 요리스푼 숟가락29,000원무료배송"
10.07,12:35,2250621759,방송중 구매가능
10.07,13:35,2250744876,상담신청
10.07,14:35,2254010970,구매하기
10.07,14:35,2247027577,바이오실크 [NEW] 실크테라피 리페러티브 에센스 기본 구성
10.07,15:30,2241642095,방송중 구매가능
10.07,16:30,2253622840,상담신청
10.07,17:30,2252498578,방송중 구매가능
10.07,17:30,2254079148,박준면 의 김치이야기 포기김치6kg+파김치1kg
10.07,17:30,2253962156,"박준면 의 김치이야기 파김치 1kg34,900원무료배송"
10.07,17:30,2254020963,"박준면 의 김치이야기 파김치 2kg59,900원무료배송"
10.07,18:30,2253623775,방송중 구매가능
10.07,18:30,2253623780,한일의료기 [방송에서만
10.07,18:30,2253623788,한일의료기 [방송에서만
10.07,18:30,2253623801,한일의료기 [방송에서만
10.07,18:30,2253623828,한일의료기 [방송에서만
10.07,19:30,2252505099,구매하기
10.07,19:30,2253696075,머티리얼랩 [Handmade/주문제작] 머티리얼랩 26FW 오벌 젬스톤 실버925 소가죽 롱 목걸이
10.07,19:30,2252754952,"머티리얼랩 26FW 이태리 ve·ra 스웨이드 레더 벨트99,000원무료배송"
10.07,19:30,2252939398,"머티리얼랩 26FW 컴포트 스트레이트핏 데님 팬츠99,000원무료배송"
10.07,19:30,2253934288,구매하기
10.07,19:30,2253523942,머티리얼랩 [Handmade/주문제작] Swarovski 社 머티리얼랩 26FW 크리스털 펄 마그넷 목걸이
10.07,19:30,2253700254,"머티리얼랩 26FW 밀리언마일러 레이스 후드 집업109,000원무료배송"
10.07,19:30,2253700346,"머티리얼랩 26FW 밀리언마일러 레이스 니트 팬츠99,000원무료배송"
10.07,21:45,2242270399,방송중 구매가능
10.07,21:45,2254079744,세포랩 [블랙라벨 패키지] 세포랩 바이오제닉 하이드레이션 에센스 (155ml 4개 + 100ml 1개 + 30ml 4개)
10.07,21:45,2253069512,"세포랩 [시그니처 기본 패키지] 세포랩 바이오제닉 에센스(155ml 1개 + 30ml 1개)129,000원최대 무3월 43,000원삼성"
10.07,21:45,2252758824,"세포랩 [블랙라벨 기본 패키지] 세포랩 바이오제닉 하이드레이션 에센스 (155ml 1개 + 30ml 1개)129,000원최대 무3월 43,000원삼성"
10.07,21:45,2250063493,"세포랩 바이오제닉 에센스 30ml 1개26,000원무료배송"
10.07,21:45,2250063477,"세포랩 바이오제닉 에센스 100ml 1개72,000원삼성"
10.07,21:45,2252569708,"세포랩 바이오제닉 에센스 하이드레이션 155ml 1개 + 30ml 1개129,000원무료배송방송중 구매가능41알리미"
10.07,21:45,2250063896,"세포랩 벨류팩 1박스 (솝3개)49,900원무료배송방송중 구매가능14알리미"
10.07,21:45,2250063588,"세포랩 모이스처라이저 80ml 크림36,800원무료배송"
10.07,22:55,2250444340,상담신청
10.07,23:55,2245400853,상담신청
10.08,01:50,2238230673,상담신청
10.08,02:40,2253248976,구매하기
10.08,02:40,2253473167,라우라비아조띠 라우라비아조티 26FW 벨티트 레더 호보백
10.08,02:40,2253249649,"라우라비아조띠 라우라비아조티 26FW 브러쉬드 체크 셔츠자켓119,000원최대 무3월 39,666원무료배송"
10.08,02:40,2247850375,"라우라비아조띠 라우라비아조티 테일러드 사파리 자켓239,000원최대 무5월 47,800원무료배송"
10.08,04:30,2252987557,구매하기
10.08,04:30,2247571616,디아루체 데일리 삭스 7종 (선물패키지)
10.08,04:30,2247570481,"디아루체 [아이보리 블루 수량선점 필수] 디아루체 26 SS 패턴 숄더백 (가방 + 파우치)59,900원최대 무3월 19,966원무료배송"
10.08,05:20,2250396619,방송중 구매가능
10.08,05:20,2243144569,뉴트리코어 하이퍼셀 코엔자임Q10 맥스 6박스
10.08,06:15,2253699292,구매하기
10.08,06:15,2252773719,까스텔바작 26FW 다이아퀼팅 방풍 펄 후드 니트 재킷
10.08,06:15,2252773322,"까스텔바작 26FW  하이넥 씬패딩 트렌치 재킷129,000원삼성"
10.08,06:15,2252771020,"까스텔바작 26FW 후드 아트웍 가디건 2종109,000원삼성"
10.08,06:15,2252776469,"까스텔바작 26FW 기모 와이드핏 팬츠 여성용79,000원삼성"
10.08,06:15,2252772365,"까스텔바작 26FW 테리부클 스웻 티셔츠 2종 여성용79,000원삼성"
10.08,08:15,2253395414,방송중 구매가능
10.08,08:15,2215367467,에이스바이옴 비에날씬 프로 6박스 (BNR17 체지방 감소 다이어트 유산균)
10.08,08:15,2215367243,"에이스바이옴 비에날씬 프로 3박스 (BNR17 체지방 감소 다이어트 유산균)198,000원최대 무4월 49,500원무료배송"
10.08,08:15,2248994986,"에이스바이옴 비에날퀸 다이어트 유산균 12박스 + 1박스 추가구성699,000원최대 무18월 38,833원삼성"
10.08,10:25,2251873679,구매하기
10.08,12:25,2206929114,상담신청
10.08,13:15,2250275833,방송중 구매가능
10.08,13:15,2250278768,LG전자 [무60] LG 퓨리케어 360 공기청정기 플러스 18형 / 무빙휠 포함 (AS185DWWDM)
10.08,13:15,2253953523,"LG전자 [무60] LG 퓨리케어 360 공기청정기 플러스 세트 (29형+18형) / 무빙휠 포함 (AS285DWWDM+AS185DWWDM)1,740,000원최대 무60월 29,000원무료배송방송중 구매가능알리미"
10.08,13:15,2244139494,방송중 구매가능
10.08,13:15,2244139567,LG전자 [무60] LG 오브제 트루스팀 워시콤보 세탁건조기 [FH25ES/FH25GS]
10.08,13:15,2240448499,"LG전자 LG 디오스 오브제 김치냉장고 324L [Z334MQQ171S]_본체명 Z334AAA1712,680,000원무료배송방송중 구매가능6알리미"
10.08,13:15,2253270091,"LG전자 LG 디오스 AI 오브제 김치냉장고 4도어 491L [Z495MQQ271]3,940,000원무료배송방송중 구매가능1알리미"
10.08,13:15,2238049322,구매하기
10.08,14:55,2253157066,상담신청
10.08,15:45,2156542013,방송중 구매가능
10.08,16:35,2250396619,방송중 구매가능
10.08,16:35,2243144569,뉴트리코어 하이퍼셀 코엔자임Q10 맥스 6박스
10.08,17:30,2248198615,방송중 구매가능
10.08,17:30,2147384161,관절엔 콘드로이친 1200 8개월분(900mgX60정X8박스)
10.08,17:30,2147384288,"관절엔 콘드로이친 1200 4개월분(900mgX60정X4박스)268,000원최대 무4월 67,000원무료배송방송중 구매가능766알리미"
10.08,17:30,2147384052,"관절엔 콘드로이친 1200 1개월분(900mgX60정X1박스)99,000원삼성"
10.08,22:55,2252480117,구매하기
10.08,22:55,2252480108,슈바넨가르텐 [현대단독][론칭방송 빅히트] 슈바넨가르텐 매직버블크림 입문 패키지 (방송에서만 포토리뷰시 7통 찬스)
10.08,22:55,2251989710,"슈바넨가르텐 안티옥시던트 포밍 클렌저 / 딥클렌징 케어37,000원무료배송"
10.08,22:55,2252670033,"슈바넨가르텐 안티옥시던트 페이셜 오일 15ml52,000원무료배송"
10.08,22:55,2251989695,"슈바넨가르텐 안티옥시던트 트리트먼트 에센스 / 피부결·광채 케어36,000원무료배송"
10.08,22:55,2252669910,"슈바넨가르텐 안티옥시던트 클렌징오일 150ml39,000원무료배송"
10.08,22:55,2252669800,"슈바넨가르텐 안티옥시던트 아이크림72,000원삼성"
10.08,22:55,2251989605,"슈바넨가르텐 안티옥시던트 세럼 / 집중 미백/탄력 케어48,000원무료배송"
10.08,22:55,2252421074,"슈바넨가르텐 안티옥시던트 미스트 (메이크업 경연 프로그램 사용동일제품)31,000원무료배송"
10.08,22:55,2252669947,"슈바넨가르텐 슈바넨가르텐 글로우업 마스크팩 6개입 (Schwanen Garten GlowUp Sheet Mask 6 EA)18,000원무료배송"
10.08,22:55,2251989540,"슈바넨가르텐 멀티액티브 안티옥시던트 앰플 / 피부 활력 케어78,000원삼성"
10.08,22:55,2252669781,"슈바넨가르텐 너리싱 크림72,000원삼성"
10.08,23:55,2252775763,방송중 구매가능
10.08,23:55,2254106680,엠디래쉬팩터 [한국 공식수입 정품] MD래쉬팩터 속눈썹 영양제 1.5ml 2+2 구성(4개)
10.08,23:55,2252775736,"엠디래쉬팩터 [한국 공식 수입 정품] MD래쉬팩터 속눈썹 영양제 1.5ml (1개)148,000원무료배송방송중 구매가능52알리미"
10.08,23:55,2250575395,"엠디래쉬팩터 [한국 공식수입 정품] MD래쉬팩터 속눈썹 영양제 2.95ml189,000원삼성"
10.09,07:15,2242096873,방송중 구매가능
10.09,07:15,2215926835,에이스바이옴 비에날씬 프로 6박스 (BNR17 체지방 감소 다이어트 유산균)
10.09,07:15,2215926640,"에이스바이옴 비에날씬 프로 3박스 (BNR17 체지방 감소 다이어트 유산균)198,000원최대 무4월 49,500원무료배송"
10.09,07:15,2248994986,"에이스바이옴 비에날퀸 다이어트 유산균 12박스 + 1박스 추가구성699,000원최대 무18월 38,833원삼성"
10.09,08:15,2253380976,구매하기
10.09,08:15,2253774357,프리마클라쎄 FAUX 레더 필드재킷 1종
10.09,08:15,2252779448,"프리마클라쎄 멜팅울 홀가먼트 가디건 1종159,000원최대 무5월 31,800원무료배송"
10.09,08:15,2252813060,"프리마클라쎄 원턱 배럴 팬츠 1종129,000원최대 무5월 25,800원무료배송"
10.09,08:15,2248738330,"프리마클라쎄 싱글레이어드 이지 재킷 1종149,000원최대 무5월 29,800원무료배송"
10.09,08:15,2248732910,"프리마클라쎄 플루이드 이지 팬츠 1종109,000원최대 무5월 21,800원무료배송"
10.09,08:15,2253778516,"프리마클라쎄 로고 테리 셋업 1종169,000원최대 무5월 33,800원무료배송"
10.09,08:15,2253530860,"프리마클라쎄 [상시가 219000원] 프리마클라쎄 호주산 양모 리버서블 베스트 1종219,000원최대 무5월 43,800원무료배송"
10.09,08:15,2253435698,"프리마클라쎄 시에나 숄더백 (+스트랩 2종)129,000원최대 무5월 25,800원무료배송방송중 구매가능3알리미"
10.09,08:15,2253079128,"프리마클라쎄 [상시가 199000원] 프리마클라쎄 스너그(Snug) 스니커즈199,000원최대 무5월 39,800원무료배송"
10.09,08:15,2253454790,"프리마클라쎄 캐시미어 블렌디드 레오파드 머플러 1종119,000원최대 무5월 23,800원무료배송"
10.09,08:15,2236094749,"프리마클라쎄 [상시가 499000원] 프리마클라쎄 GEO 포켓 보트백 CE052499,000원최대 무12월 41,583원무료배송"
10.09,08:15,2236094674,"프리마클라쎄 GEO 스몰 레더 숄더백 CD095399,000원최대 무12월 33,250원무료배송"
10.09,08:15,2249002852,"프리마클라쎄 GEO 포쉐트 크로스백 C D067279,000원최대 무12월 23,250원무료배송"
10.09,08:15,2206512473,"프리마클라쎄 GEO 클래식 스몰백팩 CD098499,000원최대 무12월 41,583원무료배송"
10.09,10:25,2245388793,방송중 구매가능
10.09,10:25,2250750415,이지듀 대웅제약 이지듀 EGF 코어 이펙트 두피 앰플 입문패키지
10.09,10:25,2244414228,"이지듀 대웅제약 이지듀 EGF 코어 이펙트 두피 앰플 기본패키지159,000원삼성"
10.09,10:25,2227061248,"이지듀 기미쿠션 멜라 비 토닝 앰플 쿠션 49,800원무료배송"
10.09,10:25,2227061441,"이지듀 대웅제약 기미쿠션 멜라 비 토닝 앰플 쿠션 리필29,800원무료배송"
10.09,10:25,2226512378,"이지듀 대웅제약 이지듀 리프트 코어 이펙트 앰플 입문 구성159,000원삼성"
10.09,10:25,2227059235,"이지듀 대웅제약 기미앰플 대용량 8ml5_멜라패치1 (5g4ea)89,000원삼성"
10.09,10:25,2227061721,"이지듀 대웅제약 PDRN 넥패치1박스(4ea)40,000원무료배송"
10.09,10:25,2227062113,"이지듀 대웅제약 EGF 거즈 마스크 1박스 (3ea)45,000원무료배송"
10.09,10:25,2227063806,"이지듀 대웅제약 기미앰플 대용량 8ml5_안티옥시던트크림189,000원삼성"
10.09,10:25,2244336705,"이지듀 기미쿠션 멜라 비 토닝 앰플 쿠션 19호25,000원 外무료배송"
10.09,10:25,2244344198,"이지듀 기미쿠션 멜라 비 토닝 앰플 쿠션 19호 리필15,000원무료배송"
10.09,10:25,2244344258,"이지듀 기미쿠션 멜라 비 토닝 앰플 쿠션 19호 본품1+리필140,000원무료배송"
10.09,10:25,2227065177,"이지듀 대웅제약 이지듀 기미패치1 (5g4ea)30,000원무료배송"
10.09,10:25,2227065628,"이지듀 대웅제약 베리어리페어크림105mlx159,800원삼성"
10.09,10:25,2228371731,"이지듀 대웅제약 이지듀 리프트 코어 이펙트 앰플 15ml 단품125,000원삼성"
10.09,10:25,2228371753,"이지듀 대웅제약 기미앰플 점보대용량 15ml 단품49,500원무료배송"
10.09,10:25,2232577157,"이지듀 대웅제약 기미앰플 8ml 단품34,900원무료배송"
10.09,10:25,2234150940,"이지듀 대웅제약 이지듀 멜라토닝 원데이 기미앰플 3개 + 기미패치 1박스149,000원삼성"
10.09,10:25,2240858719,"이지듀 대웅제약 이지듀 EGF 코어 이펙트 두피 앰플 2개149,000원최대 무9월 16,555원삼성"
10.09,10:25,2240858768,"이지듀 대웅제약 이지듀 EGF 코어 이펙트 두피 앰플 1개85,000원삼성"
10.09,10:25,2249187674,"이지듀 기미X톤업X썬 강력효과 NEW 멜라토닝 스킨핏 톤업 토탈 크림 2개119,000원삼성"
10.09,10:25,2249589930,이지듀 0단계 강력효과 NEW EGFx
10.09,10:25,2251927198,"이지듀 대웅제약 이지듀 EGF 포스트 레이저 크림49,000원무료배송"
10.09,10:25,2252348299,"이지듀 대웅제약 이지듀 EGF 포스트 레이저 크림 단품39,000원무료배송"
10.09,16:30,2252976124,구매하기
10.09,16:30,2252977893,LIE317(라이) [LIE317] 라이317 26FW 리버서블 램스킨 시티백 + 파우치
10.09,16:30,2253120679,"LIE317(라이) [LIE317] 라이317 26FW 리버시블 햇79,000원최대 무3월 26,333원삼성"
10.09,16:30,2252986334,"LIE317(라이) [LIE317] 라이317 26FW 시그니처 자수 코튼 스웻셔츠99,000원최대 무3월 33,000원무료배송"
10.09,16:30,2252984930,"LIE317(라이) [LIE317] 라이317 26FW 코튼100 와이드팬츠1종109,000원최대 무3월 36,333원무료배송"
10.09,17:30,2231889575,구매하기
10.09,18:30,2251579563,구매하기
10.09,20:45,2253706169,방송중 구매가능
10.09,20:45,2253706243,ASCE+ [2/원장님 결사반대 패키지] 엑소코바이오 ASCE+ 엑소밤 10개
10.09,20:45,2253706300,"ASCE+ 엑소코바이오 ASCE+ 엑소밤 2개199,000원무료배송방송중 구매가능알리미"
10.09,20:45,2253706562,"ASCE+ 엑소코바이오 ASCEplus 엑소미스트 1개110,000원삼성"
10.09,20:45,2252897939,"ASCE+ 엑소코바이오 ASCE+ 엑소밤 (엑소캡슐 20g + 크림 20ml)180,000원삼성"
10.09,20:45,2253742315,"ASCE+ ASCE plus 카밍 앰플 프로 1박스 (3.5mlx5ea)99,800원삼성"
10.09,20:45,2253742646,"ASCE+ ASCE plus 퍼밍 모이스처라이저 프로 (50g)54,000원삼성"
10.09,20:45,2253742713,"ASCE+ ASCE plus 더블 이엑스 시그널 패드 프로 1박스 (30파우치)66,400원삼성"
10.09,20:45,2253742750,"ASCE+ ASCE plus 엑소-페어 크림 프로 (50ml)49,800원무료배송"
10.09,20:45,2253742775,"ASCE+ ASCE plus 수딩겔 마스크 플래티넘 1박스 (3매)45,000원무료배송"
10.09,21:40,2253150452,상담신청
10.09,22:40,2234735488,방송중 구매가능
10.09,22:40,2244088963,에클랏 18K 루체아(Lucea) 목걸이
10.09,22:40,2248932140,"우노아레 18K 알로네(Alone) 팔찌1,699,000원최대 무12월 141,583원무료배송방송중 구매가능61알리미"
10.09,22:40,2244089650,"에클랏 18K 셀레스테(Celeste) 귀걸이479,000원최대 무9월 53,222원무료배송방송중 구매가능31알리미"
10.09,22:40,2248932006,"우노아레 18K 에클리쎄(Eclisse) 목걸이1,099,000원최대 무12월 91,583원무료배송방송중 구매가능15알리미"
10.09,22:40,2250748590,"골든클레프 18K 리얼진주 팔찌449,000원최대 무9월 49,888원무료배송방송중 구매가능42알리미"
10.09,22:40,2243861249,"마스케라 프리미엄 디아나(Diana) 캐시미어 플러피 클로슈햇129,900원최대 무3월 43,300원무료배송구매하기301알리미"
10.09,22:40,2253525504,"페라가모 선글라스(SF232/SK)698,000원최대 무12월 58,166원무료배송구매하기1알리미"
10.09,22:40,2246875481,"메타다이아몬드 실버925 팬시 바게트컷 반지 1종279,000원최대 무9월 31,000원무료배송방송중 구매가능533알리미"
10.09,22:40,2246874886,"메타다이아몬드 실버925 팬시 바게트컷 귀걸이 1종239,000원최대 무9월 26,555원무료배송방송중 구매가능47알리미"
10.09,22:40,2211878892,"페라가모 선글라스(SF739/SA)168,000원최대 무3월 56,000원무료배송방송중 구매가능363알리미"
10.10,07:20,2253704193,방송중 구매가능
10.10,07:20,2253704205,담담 마시는 하루견과 180ml 20팩
10.10,08:20,2249227608,방송중 구매가능
10.10,08:20,2250000333,AURELI  아우렐리 유기농 당근주스 1병
10.10,08:20,2253736102,구매하기
10.10,11:20,2254009064,구매하기
10.10,11:20,2243861249,마스케라 프리미엄 디아나(Diana) 캐시미어 플러피 클로슈햇
10.10,13:45,2236641722,구매하기
10.10,13:45,2252525799,고비 [상시가 299000원] 고비(GOBI) 캐시미어 100 버튼숄 케이프
10.10,13:45,2252525646,"고비 [상시가 249000원] 고비(GOBI) 캐시미어100 48수 홀가먼트 풀오버249,000원최대 무10월 24,900원무료배송"
10.10,13:45,2252525739,"고비 (GOBI) 캐시미어 100 헤리티지 패턴 머플러129,000원최대 무5월 25,800원무료배송"
10.10,13:45,2237785937,"고비 [런칭가 449000원] 고비(GOBI) 캐시미어100 와이드 팬츠399,000원최대 무10월 39,900원무료배송방송중 구매가능263알리미"
10.10,13:45,2238056012,"고비 [런칭가 299000원]  고비(GOBI) 캐시미어100 케이블 루즈핏 풀오버239,000원최대 무10월 23,900원무료배송"
10.10,13:45,2225730251,"고비 [런칭가 279000원] 고비(GOBI) 실크 캐시미어 립라인 원피스279,000원최대 무10월 27,900원무료배송"
10.10,13:45,2225569066,"고비 (GOBI) 실크캐시미어 세미돌먼 홀가 가디건239,000원최대 무5월 47,800원무료배송"
10.10,13:45,2240890901,"고비 (GOBI) 캐시미어 100 벨티트 맥시코트2,290,000원최대 무12월 190,833원무료배송"
10.10,13:45,2240890882,"고비 (GOBI) 캐시미어 100 버튼 후드 코트1,990,000원최대 무12월 165,833원무료배송"
10.10,13:45,2236642181,"고비 [상시가 399000원] 고비(GOBI) 캐시미어 이중직 포켓 가디건399,000원최대 무10월 39,900원무료배송"
10.10,13:45,2237785511,"고비 [런칭가 349000원] 고비(GOBI) 캐시미어100 버튼업 후드 가디건289,000원최대 무10월 28,900원무료배송"
10.10,13:45,2236645771,"고비 (GOBI) 캐시미어100 스트링 원피스499,000원최대 무10월 49,900원무료배송"
10.10,14:55,2253013067,방송중 구매가능
10.10,22:30,2244912717,방송중 구매가능
10.10,23:30,2253523702,방송중 구매가능
10.10,23:30,2253524563,쥬베라 베라건 파워맥스 미니 전동 마사지건
10.11,05:50,2253395414,방송중 구매가능
10.11,05:50,2215367467,에이스바이옴 비에날씬 프로 6박스 (BNR17 체지방 감소 다이어트 유산균)
10.11,05:50,2215367243,"에이스바이옴 비에날씬 프로 3박스 (BNR17 체지방 감소 다이어트 유산균)198,000원최대 무4월 49,500원무료배송"
10.11,05:50,2248994986,"에이스바이옴 비에날퀸 다이어트 유산균 12박스 + 1박스 추가구성699,000원최대 무18월 38,833원삼성"
10.11,12:30,2229688615,방송중 구매가능
10.11,12:30,2229688959,로보락 [추석맞이 최대혜택] 로보락 S9 MaxV Ultra 직배수 로봇청소기 / 무료설치
10.11,13:45,2253554731,방송중 구매가능
10.11,13:45,2254079159,락앤락 머스트픽 트라이탄 밀폐용기 14종 + 세척솔 2종
10.11,17:15,2243269449,방송중 구매가능
10.11,17:15,2243271048,라클라우드 [165만 2천원 사은품][트윈(TW)] 라클라우드 오가르 호텔식 침대 풀패키지
10.11,17:15,2243270961,"라클라우드 [165만 2천원 사은품][퀸(Q)] 라클라우드 오가르 호텔식 침대 풀패키지2,190,000원무료배송추가비용 별도/상세참조방송중 구매가능115알리미"
10.11,17:15,2243270163,"라클라우드 [165만 2천원 사은품][킹(K)] 라클라우드 오가르 호텔식 침대 풀패키지2,290,000원무료배송추가비용 별도/상세참조방송중 구매가능68알리미"
10.11,17:15,2243271008,"라클라우드 [165만 2천원 사은품][슈퍼싱글(SS)] 라클라우드 오가르 호텔식 침대 풀패키지1,990,000원무료배송추가비용 별도/상세참조방송중 구매가능95알리미"
10.11,17:15,2243271087,"라클라우드 오가르 호텔식 침대 서랍패널349,000원무료배송"
10.11,18:25,2253610064,방송중 구매가능
10.11,18:25,2253610077,보이로 [NO SALE브랜드] 더블 싱글 세트 보이러 전기요(네이비 그레이 中 택1)
10.11,18:25,2253610086,보이로 [NO SALE브랜드] 싱글 싱글 세트 보이러 전기요(네이비 그레이 中 택1)
10.11,18:25,2253610096,보이로 [NO SALE브랜드] 더블 단품 보이러 전기요(네이비 그레이 中 택1)
10.11,18:25,2253610112,보이로 [NO SALE브랜드] 싱글 단품 보이러 전기요(네이비 그레이 中 택1)
10.11,19:25,2253622840,상담신청
10.11,22:45,2250652443,상담신청
10.12,07:15,2252364466,방송중 구매가능
10.12,07:15,2251231427,매스티나 최신상 시즌4 기미 앰플 기본 패키지
10.12,08:15,2253561124,방송중 구매가능
10.12,08:15,2253561539,세인트프랑 에스테틱 대용량 크림 모녀패키지
10.12,08:15,2250139670,"세인트프랑 에스테틱 대용량 크림 싱글패키지149,000원최대 무3월 49,666원무료배송방송중 구매가능48알리미"
10.12,08:15,2253699653,"세인트프랑 [시크릿코드]세인트프랑 에스테틱 대용량 크림 매니아패키지249,000원최대 무12월 20,750원무료배송방송중 구매가능알리미"
10.12,08:15,2253137855,"세인트프랑 에스테틱 대용량 크림 50ml 단품99,000원삼성"
10.12,08:15,2252205959,"세인트프랑 립 트리트먼트 봄 에끌라 루이즈(코랄핑크) 단품45,000원무료배송"
10.12,08:15,2252206042,"세인트프랑 립 트리트먼트 봄 에끌라 디안(디안레드) 단품45,000원무료배송"
10.12,08:15,2252206065,"세인트프랑 립 트리트먼트 봄 에끌라 루시(러블리핑크) 단품45,000원무료배송"
10.12,08:15,2252206143,"세인트프랑 립 트리트먼트 봄 블루 조세핀(매트 트루핑크) 단품45,000원무료배송"
10.12,08:15,2252206160,"세인트프랑 립 트리트먼트 봄 블루 마르고(매트 피치코랄) 단품45,000원무료배송"
10.12,08:15,2250192233,"세인트프랑 더마 스킨 에끌라 팩트 본품 1개65,000원삼성"
10.12,08:15,2250192449,"세인트프랑 더마 스킨 에끌라 팩트 리필 1개53,000원삼성"
10.12,08:15,2250494234,"세인트프랑 프로페셔널 팡팡퍼프 3개33,750원무료배송"
10.12,08:15,2250494240,"세인트프랑 프로페셔널 팡팡퍼프 1개22,500원무료배송"
10.12,08:15,2249318025,"리쥬파인 [싱글패키지]리쥬파인 PDRN 크림 1박스(30ml 2개)109,000원삼성"
10.12,08:15,2249532129,"리쥬파인 PDRN 크림 3박스(30ml 6개)198,000원삼성"
10.12,08:15,2248873694,"세인트프랑 더마 스킨 선크림 단품39,900원무료배송"
10.12,08:15,2248939450,"세인트프랑 끌레스떼 콜라겐 액티베이터 80ml69,000원삼성"
10.12,08:15,2219316352,"세인트프랑 블레미쉬 끄렘므 30ml100,000원삼성"
10.12,08:15,2222802261,"세인트프랑 블레미쉬 끄렘므 휴대용 (13g)60,000원삼성"
10.12,08:15,2219323087,"세인트프랑 블레미쉬 끄렘므 단품105,000원무료배송방송중 구매가능156알리미"
10.12,08:15,2202392936,"세인트프랑 스킨리페어 트리트먼트 50ml120,000원삼성"
10.12,08:15,2202392979,"세인트프랑 스킨리페어 트리트먼트 30ml90,000원삼성"
10.12,17:00,2253908579,방송중 구매가능
10.12,19:30,2253884204,구매하기
10.12,19:30,2253723942,방송중 구매가능
10.12,20:40,2242096873,방송중 구매가능
10.12,20:40,2215926835,에이스바이옴 비에날씬 프로 6박스 (BNR17 체지방 감소 다이어트 유산균)
10.12,20:40,2215926640,"에이스바이옴 비에날씬 프로 3박스 (BNR17 체지방 감소 다이어트 유산균)198,000원최대 무4월 49,500원무료배송"
10.12,20:40,2248994986,"에이스바이옴 비에날퀸 다이어트 유산균 12박스 + 1박스 추가구성699,000원최대 무18월 38,833원삼성"
